new_file,source,category,technique
aug_burping_0000_add_noise.wav,bu-4.wav,burping,add_noise
aug_burping_0001_time_shift.wav,479c.wav,burping,time_shift
aug_burping_0002_time_shift.wav,474c.wav,burping,time_shift
aug_burping_0003_time_shift.wav,496c.wav,burping,time_shift
aug_burping_0004_pitch_shift.wav,bu-13.wav,burping,pitch_shift
aug_burping_0005_pitch_shift.wav,F24DE44B-762C-4149-AC92-96A5E57ED118-1430816949-1.0-m-04-bu.wav,burping,pitch_shift
aug_lonely_0000_add_noise.wav,lo-1.wav,lonely,add_noise
aug_lonely_0001_add_noise.wav,lo-19.wav,lonely,add_noise
aug_lonely_0002_time_stretch.wav,0f257dac-7d6f-4575-9192-e3b4dcd3d4ef-1430185393784-1.7-f-26-lo.wav,lonely,time_stretch
aug_lonely_0003_time_shift.wav,lo-18 - Copy.wav,lonely,time_shift
aug_lonely_0004_pitch_shift.wav,lo-1 - Copy.wav,lonely,pitch_shift
aug_lonely_0005_time_shift.wav,lo-13.wav,lonely,time_shift
aug_lonely_0006_time_stretch.wav,lo-3 - Copy.wav,lonely,time_stretch
aug_lonely_0007_add_noise.wav,d1e236a0-e030-4137-9030-5625026cd098-1430390498353-1.2-m-04-lo.wav,lonely,add_noise
aug_lonely_0008_pitch_shift.wav,lo-14.wav,lonely,pitch_shift
aug_lonely_0009_time_stretch.wav,lo-18.wav,lonely,time_stretch
aug_lonely_0010_time_stretch.wav,0f257dac-7d6f-4575-9192-e3b4dcd3d4ef-1430185393784-1.7-f-26-lo.wav,lonely,time_stretch
aug_lonely_0011_time_shift.wav,lo-14 - Copy.wav,lonely,time_shift
aug_lonely_0012_time_shift.wav,lo-18 - Copy.wav,lonely,time_shift
aug_lonely_0013_time_stretch.wav,0f257dac-7d6f-4575-9192-e3b4dcd3d4ef-1430185393784-1.7-f-26-lo.wav,lonely,time_stretch
aug_lonely_0014_add_noise.wav,lo-14.wav,lonely,add_noise
aug_lonely_0015_time_shift.wav,be21ef2a-a415-4e8b-bfe6-731bf9956e2c-1431320938449-1.7-f-26-lo.wav,lonely,time_shift
aug_lonely_0016_time_stretch.wav,999bf14b-e417-4b44-b746-9253f81efe38-1430972741816-1.7-m-26-lo.wav,lonely,time_stretch
aug_lonely_0017_time_stretch.wav,3f61124d-d02c-47dd-a009-44e97e60c4ca-1430759482503-1.7-f-72-lo.wav,lonely,time_stretch
aug_lonely_0018_pitch_shift.wav,lo-19.wav,lonely,pitch_shift
aug_lonely_0019_time_stretch.wav,lo-12.wav,lonely,time_stretch
aug_lonely_0020_time_stretch.wav,lo-12 - Copy.wav,lonely,time_stretch
aug_lonely_0021_pitch_shift.wav,lo-14.wav,lonely,pitch_shift
aug_lonely_0022_add_noise.wav,be21ef2a-a415-4e8b-bfe6-731bf9956e2c-1431320938449-1.7-f-26-lo.wav,lonely,add_noise
aug_lonely_0023_add_noise.wav,lo-2.wav,lonely,add_noise
aug_lonely_0024_time_stretch.wav,lo-12.wav,lonely,time_stretch
aug_lonely_0025_add_noise.wav,d1e236a0-e030-4137-9030-5625026cd098-1430390498353-1.2-m-04-lo.wav,lonely,add_noise
aug_lonely_0026_add_noise.wav,88da3fbd-926b-4ee7-ae8f-85f92f2783b0-1430114359516-1.7-m-04-lo.wav,lonely,add_noise
aug_lonely_0027_time_shift.wav,lo-12 - Copy.wav,lonely,time_shift
aug_lonely_0028_time_shift.wav,lo-3 - Copy.wav,lonely,time_shift
aug_lonely_0029_add_noise.wav,lo-13.wav,lonely,add_noise
aug_lonely_0030_pitch_shift.wav,lo-19.wav,lonely,pitch_shift
aug_lonely_0031_time_shift.wav,lo-3.wav,lonely,time_shift
aug_lonely_0032_time_shift.wav,0f257dac-7d6f-4575-9192-e3b4dcd3d4ef-1430185393784-1.7-f-26-lo.wav,lonely,time_shift
aug_lonely_0033_pitch_shift.wav,lo-3 - Copy.wav,lonely,pitch_shift
aug_lonely_0034_pitch_shift.wav,be21ef2a-a415-4e8b-bfe6-731bf9956e2c-1431320938449-1.7-f-26-lo.wav,lonely,pitch_shift
aug_lonely_0035_add_noise.wav,lo-14.wav,lonely,add_noise
aug_lonely_0036_time_shift.wav,lo-18.wav,lonely,time_shift
aug_lonely_0037_add_noise.wav,88da3fbd-926b-4ee7-ae8f-85f92f2783b0-1430114359516-1.7-m-04-lo.wav,lonely,add_noise
aug_lonely_0038_time_stretch.wav,lo-2.wav,lonely,time_stretch
aug_lonely_0039_add_noise.wav,88da3fbd-926b-4ee7-ae8f-85f92f2783b0-1430114359516-1.7-m-04-lo.wav,lonely,add_noise
aug_lonely_0040_time_stretch.wav,lo-13.wav,lonely,time_stretch
aug_lonely_0041_add_noise.wav,999bf14b-e417-4b44-b746-9253f81efe38-1430972741816-1.7-m-26-lo.wav,lonely,add_noise
aug_lonely_0042_pitch_shift.wav,lo-4.wav,lonely,pitch_shift
aug_lonely_0043_pitch_shift.wav,0f257dac-7d6f-4575-9192-e3b4dcd3d4ef-1430185476161-1.7-f-26-lo.wav,lonely,pitch_shift
aug_lonely_0044_add_noise.wav,999bf14b-e417-4b44-b746-9253f81efe38-1430972741816-1.7-m-26-lo.wav,lonely,add_noise
aug_lonely_0045_pitch_shift.wav,lo-18 - Copy.wav,lonely,pitch_shift
aug_lonely_0046_pitch_shift.wav,lo-12.wav,lonely,pitch_shift
aug_lonely_0047_time_stretch.wav,lo-2.wav,lonely,time_stretch
aug_lonely_0048_pitch_shift.wav,lo-3 - Copy.wav,lonely,pitch_shift
aug_lonely_0049_time_stretch.wav,be21ef2a-a415-4e8b-bfe6-731bf9956e2c-1431320938449-1.7-f-26-lo.wav,lonely,time_stretch
aug_lonely_0050_pitch_shift.wav,lo-4.wav,lonely,pitch_shift
aug_lonely_0051_pitch_shift.wav,lo-18 - Copy.wav,lonely,pitch_shift
aug_lonely_0052_time_shift.wav,88da3fbd-926b-4ee7-ae8f-85f92f2783b0-1430114359516-1.7-m-04-lo.wav,lonely,time_shift
aug_lonely_0053_time_shift.wav,lo-13.wav,lonely,time_shift
aug_lonely_0054_time_shift.wav,lo-19.wav,lonely,time_shift
aug_lonely_0055_pitch_shift.wav,lo-14 - Copy.wav,lonely,pitch_shift
aug_lonely_0056_pitch_shift.wav,lo-12 - Copy.wav,lonely,pitch_shift
aug_lonely_0057_pitch_shift.wav,076e33bf-c599-4eee-a6e3-dbc1986ee493-1437288944366-1.7-f-72-lo.wav,lonely,pitch_shift
aug_lonely_0058_add_noise.wav,lo-1.wav,lonely,add_noise
aug_lonely_0059_pitch_shift.wav,lo-14 - Copy.wav,lonely,pitch_shift
aug_lonely_0060_add_noise.wav,be21ef2a-a415-4e8b-bfe6-731bf9956e2c-1431320938449-1.7-f-26-lo.wav,lonely,add_noise
aug_lonely_0061_time_shift.wav,076e33bf-c599-4eee-a6e3-dbc1986ee493-1437288944366-1.7-f-72-lo.wav,lonely,time_shift
aug_lonely_0062_time_stretch.wav,0f257dac-7d6f-4575-9192-e3b4dcd3d4ef-1430185476161-1.7-f-26-lo.wav,lonely,time_stretch
aug_lonely_0063_time_stretch.wav,lo-3.wav,lonely,time_stretch
aug_lonely_0064_time_shift.wav,076e33bf-c599-4eee-a6e3-dbc1986ee493-1437288921225-1.7-f-72-lo.wav,lonely,time_shift
aug_lonely_0065_add_noise.wav,be21ef2a-a415-4e8b-bfe6-731bf9956e2c-1431320938449-1.7-f-26-lo.wav,lonely,add_noise
aug_lonely_0066_time_shift.wav,076e33bf-c599-4eee-a6e3-dbc1986ee493-1437288921225-1.7-f-72-lo.wav,lonely,time_shift
aug_lonely_0067_pitch_shift.wav,lo-12.wav,lonely,pitch_shift
aug_lonely_0068_pitch_shift.wav,dc5429de-26b4-48e2-bc47-bc607b9bba06-1430741903654-1.7-f-72-lo.wav,lonely,pitch_shift
aug_lonely_0069_pitch_shift.wav,lo-3 - Copy.wav,lonely,pitch_shift
aug_lonely_0070_time_stretch.wav,d1e236a0-e030-4137-9030-5625026cd098-1430390498353-1.2-m-04-lo.wav,lonely,time_stretch
aug_lonely_0071_add_noise.wav,lo-2.wav,lonely,add_noise
aug_lonely_0072_pitch_shift.wav,999bf14b-e417-4b44-b746-9253f81efe38-1430972741816-1.7-m-26-lo.wav,lonely,pitch_shift
aug_lonely_0073_time_stretch.wav,lo-12.wav,lonely,time_stretch
aug_lonely_0074_pitch_shift.wav,dc5429de-26b4-48e2-bc47-bc607b9bba06-1430741903654-1.7-f-72-lo.wav,lonely,pitch_shift
aug_lonely_0075_time_shift.wav,lo-3 - Copy.wav,lonely,time_shift
aug_lonely_0076_time_shift.wav,lo-1.wav,lonely,time_shift
aug_lonely_0077_time_stretch.wav,lo-1.wav,lonely,time_stretch
aug_lonely_0078_add_noise.wav,lo-2.wav,lonely,add_noise
aug_lonely_0079_add_noise.wav,lo-19.wav,lonely,add_noise
aug_lonely_0080_time_shift.wav,3f61124d-d02c-47dd-a009-44e97e60c4ca-1430759482503-1.7-f-72-lo.wav,lonely,time_shift
aug_lonely_0081_time_stretch.wav,lo-14 - Copy.wav,lonely,time_stretch
aug_lonely_0082_add_noise.wav,lo-1 - Copy.wav,lonely,add_noise
aug_lonely_0083_time_stretch.wav,d1e236a0-e030-4137-9030-5625026cd098-1430390498353-1.2-m-04-lo.wav,lonely,time_stretch
aug_lonely_0084_pitch_shift.wav,999bf14b-e417-4b44-b746-9253f81efe38-1430972741816-1.7-m-26-lo.wav,lonely,pitch_shift
aug_lonely_0085_time_stretch.wav,lo-13.wav,lonely,time_stretch
aug_lonely_0086_time_stretch.wav,lo-3 - Copy.wav,lonely,time_stretch
aug_lonely_0087_time_stretch.wav,be21ef2a-a415-4e8b-bfe6-731bf9956e2c-1431320938449-1.7-f-26-lo.wav,lonely,time_stretch
aug_lonely_0088_pitch_shift.wav,lo-3.wav,lonely,pitch_shift
aug_lonely_0089_add_noise.wav,d1e236a0-e030-4137-9030-5625026cd098-1430390498353-1.2-m-04-lo.wav,lonely,add_noise
aug_lonely_0090_pitch_shift.wav,lo-18.wav,lonely,pitch_shift
aug_lonely_0091_time_stretch.wav,lo-14 - Copy.wav,lonely,time_stretch
aug_lonely_0092_add_noise.wav,lo-18 - Copy.wav,lonely,add_noise
aug_lonely_0093_pitch_shift.wav,lo-19.wav,lonely,pitch_shift
aug_lonely_0094_time_shift.wav,lo-14.wav,lonely,time_shift
aug_lonely_0095_time_shift.wav,be21ef2a-a415-4e8b-bfe6-731bf9956e2c-1431320938449-1.7-f-26-lo.wav,lonely,time_shift
aug_lonely_0096_add_noise.wav,lo-2.wav,lonely,add_noise
aug_lonely_0097_time_shift.wav,076e33bf-c599-4eee-a6e3-dbc1986ee493-1437288944366-1.7-f-72-lo.wav,lonely,time_shift
aug_lonely_0098_time_stretch.wav,0f257dac-7d6f-4575-9192-e3b4dcd3d4ef-1430185393784-1.7-f-26-lo.wav,lonely,time_stretch
aug_lonely_0099_add_noise.wav,lo-3 - Copy.wav,lonely,add_noise
aug_lonely_0100_pitch_shift.wav,lo-12.wav,lonely,pitch_shift
aug_lonely_0101_pitch_shift.wav,0f257dac-7d6f-4575-9192-e3b4dcd3d4ef-1430185393784-1.7-f-26-lo.wav,lonely,pitch_shift
aug_lonely_0102_pitch_shift.wav,0f257dac-7d6f-4575-9192-e3b4dcd3d4ef-1430185476161-1.7-f-26-lo.wav,lonely,pitch_shift
aug_lonely_0103_time_stretch.wav,lo-18.wav,lonely,time_stretch
aug_lonely_0104_time_shift.wav,999bf14b-e417-4b44-b746-9253f81efe38-1430972741816-1.7-m-26-lo.wav,lonely,time_shift
aug_lonely_0105_add_noise.wav,d1e236a0-e030-4137-9030-5625026cd098-1430390498353-1.2-m-04-lo.wav,lonely,add_noise
aug_scared_0000_time_stretch.wav,generated2_d6cda191-4962-4308-9a36-46d5648a95ed-1431700367302-1.7-m-04-sc.wav,scared,time_stretch
aug_scared_0001_time_shift.wav,generated2_5f651112-d2a3-4911-b3a5-f37bfc092494-1430734603484-1.7-m-72-sc.wav,scared,time_shift
aug_scared_0002_time_shift.wav,sc-15 - Copy.wav,scared,time_shift
aug_scared_0003_time_shift.wav,sc-4 - Copy.wav,scared,time_shift
aug_scared_0004_time_stretch.wav,d6cda191-4962-4308-9a36-46d5648a95ed-1431700367302-1.7-m-04-sc.wav,scared,time_stretch
aug_scared_0005_add_noise.wav,sc-13.wav,scared,add_noise
aug_scared_0006_time_shift.wav,d6cda191-4962-4308-9a36-46d5648a95ed-1431700367302-1.7-m-04-sc.wav,scared,time_shift
aug_scared_0007_add_noise.wav,sc-11 - Copy.wav,scared,add_noise
aug_scared_0008_pitch_shift.wav,sc-11.wav,scared,pitch_shift
aug_scared_0009_time_shift.wav,generated3_5f651112-d2a3-4911-b3a5-f37bfc092494-1430734603484-1.7-m-72-sc.wav,scared,time_shift
aug_scared_0010_pitch_shift.wav,sc-17.wav,scared,pitch_shift
aug_scared_0011_pitch_shift.wav,sc-13 - Copy.wav,scared,pitch_shift
aug_scared_0012_add_noise.wav,sc-13 - Copy.wav,scared,add_noise
aug_scared_0013_time_stretch.wav,generated3_b6911857-98b7-4bd7-86b9-7dec90fbd897-1431351785422-1.7-m-72-sc.wav,scared,time_stretch
aug_scared_0014_pitch_shift.wav,sc-13.wav,scared,pitch_shift
aug_scared_0015_add_noise.wav,sc-11 - Copy.wav,scared,add_noise
aug_scared_0016_pitch_shift.wav,sc-12.wav,scared,pitch_shift
aug_scared_0017_add_noise.wav,generated2_5f651112-d2a3-4911-b3a5-f37bfc092494-1430734603484-1.7-m-72-sc.wav,scared,add_noise
aug_scared_0018_pitch_shift.wav,sc-12.wav,scared,pitch_shift
aug_scared_0019_add_noise.wav,sc-13 - Copy.wav,scared,add_noise
aug_scared_0020_time_shift.wav,generated2_d6cda191-4962-4308-9a36-46d5648a95ed-1431700349754-1.7-m-04-sc.wav,scared,time_shift
aug_scared_0021_time_shift.wav,f4c4b757-8b39-4322-aea0-89f3e7003756-1430229472185-1.7-f-04-sc.wav,scared,time_shift
aug_scared_0022_time_stretch.wav,generated2_b6911857-98b7-4bd7-86b9-7dec90fbd897-1431351785422-1.7-m-72-sc.wav,scared,time_stretch
aug_scared_0023_time_shift.wav,sc-15.wav,scared,time_shift
aug_scared_0024_time_stretch.wav,sc-13 - Copy.wav,scared,time_stretch
aug_scared_0025_time_stretch.wav,generated1_5f651112-d2a3-4911-b3a5-f37bfc092494-1430734603484-1.7-m-72-sc.wav,scared,time_stretch
aug_scared_0026_time_shift.wav,sc-11 - Copy.wav,scared,time_shift
aug_scared_0027_time_stretch.wav,generated1_b6911857-98b7-4bd7-86b9-7dec90fbd897-1431351785422-1.7-m-72-sc.wav,scared,time_stretch
aug_scared_0028_add_noise.wav,generated1_b6911857-98b7-4bd7-86b9-7dec90fbd897-1431351785422-1.7-m-72-sc.wav,scared,add_noise
aug_scared_0029_add_noise.wav,f4c4b757-8b39-4322-aea0-89f3e7003756-1430229472185-1.7-f-04-sc.wav,scared,add_noise
aug_scared_0030_add_noise.wav,sc-13 - Copy.wav,scared,add_noise
aug_scared_0031_add_noise.wav,d6cda191-4962-4308-9a36-46d5648a95ed-1431700349754-1.7-m-04-sc.wav,scared,add_noise
aug_scared_0032_add_noise.wav,generated1_d6cda191-4962-4308-9a36-46d5648a95ed-1431700349754-1.7-m-04-sc.wav,scared,add_noise
aug_scared_0033_add_noise.wav,sc-16.wav,scared,add_noise
aug_scared_0034_time_shift.wav,sc-11 - Copy.wav,scared,time_shift
aug_scared_0035_time_shift.wav,sc-11 - Copy.wav,scared,time_shift
aug_scared_0036_add_noise.wav,f4c4b757-8b39-4322-aea0-89f3e7003756-1430229472185-1.7-f-04-sc.wav,scared,add_noise
aug_scared_0037_add_noise.wav,generated3_d6cda191-4962-4308-9a36-46d5648a95ed-1431700349754-1.7-m-04-sc.wav,scared,add_noise
aug_scared_0038_time_shift.wav,sc-17.wav,scared,time_shift
aug_scared_0039_time_stretch.wav,sc-15.wav,scared,time_stretch
aug_scared_0040_time_stretch.wav,generated3_b6911857-98b7-4bd7-86b9-7dec90fbd897-1431351785422-1.7-m-72-sc.wav,scared,time_stretch
aug_scared_0041_time_stretch.wav,generated3_d6cda191-4962-4308-9a36-46d5648a95ed-1431700349754-1.7-m-04-sc.wav,scared,time_stretch
aug_scared_0042_time_stretch.wav,d6cda191-4962-4308-9a36-46d5648a95ed-1431700367302-1.7-m-04-sc.wav,scared,time_stretch
aug_scared_0043_pitch_shift.wav,generated3_d6cda191-4962-4308-9a36-46d5648a95ed-1431700349754-1.7-m-04-sc.wav,scared,pitch_shift
aug_scared_0044_pitch_shift.wav,d6cda191-4962-4308-9a36-46d5648a95ed-1431700367302-1.7-m-04-sc.wav,scared,pitch_shift
aug_scared_0045_add_noise.wav,generated3_5f651112-d2a3-4911-b3a5-f37bfc092494-1430734603484-1.7-m-72-sc.wav,scared,add_noise
aug_scared_0046_time_stretch.wav,sc-4.wav,scared,time_stretch
aug_scared_0047_pitch_shift.wav,generated1_d6cda191-4962-4308-9a36-46d5648a95ed-1431700367302-1.7-m-04-sc.wav,scared,pitch_shift
aug_scared_0048_time_stretch.wav,generated2_d6cda191-4962-4308-9a36-46d5648a95ed-1431700367302-1.7-m-04-sc.wav,scared,time_stretch
aug_scared_0049_pitch_shift.wav,sc-13.wav,scared,pitch_shift
aug_scared_0050_time_shift.wav,sc-17.wav,scared,time_shift
aug_scared_0051_add_noise.wav,generated1_d6cda191-4962-4308-9a36-46d5648a95ed-1431700367302-1.7-m-04-sc.wav,scared,add_noise
aug_scared_0052_add_noise.wav,sc-13.wav,scared,add_noise
aug_scared_0053_pitch_shift.wav,generated1_d6cda191-4962-4308-9a36-46d5648a95ed-1431700367302-1.7-m-04-sc.wav,scared,pitch_shift
aug_scared_0054_time_shift.wav,sc-4.wav,scared,time_shift
aug_scared_0055_time_stretch.wav,sc-15 - Copy.wav,scared,time_stretch
aug_scared_0056_add_noise.wav,sc-16.wav,scared,add_noise
aug_scared_0057_time_shift.wav,generated1_d6cda191-4962-4308-9a36-46d5648a95ed-1431700367302-1.7-m-04-sc.wav,scared,time_shift
aug_scared_0058_time_shift.wav,b6911857-98b7-4bd7-86b9-7dec90fbd897-1431351785422-1.7-m-72-sc.wav,scared,time_shift
aug_scared_0059_time_shift.wav,sc-17.wav,scared,time_shift
aug_scared_0060_add_noise.wav,sc-9.wav,scared,add_noise
aug_scared_0061_pitch_shift.wav,generated2_d6cda191-4962-4308-9a36-46d5648a95ed-1431700367302-1.7-m-04-sc.wav,scared,pitch_shift
aug_scared_0062_time_shift.wav,generated3_b6911857-98b7-4bd7-86b9-7dec90fbd897-1431351785422-1.7-m-72-sc.wav,scared,time_shift
aug_scared_0063_add_noise.wav,b6911857-98b7-4bd7-86b9-7dec90fbd897-1431351785422-1.7-m-72-sc.wav,scared,add_noise
aug_scared_0064_add_noise.wav,generated2_d6cda191-4962-4308-9a36-46d5648a95ed-1431700367302-1.7-m-04-sc.wav,scared,add_noise
aug_scared_0065_add_noise.wav,sc-11 - Copy.wav,scared,add_noise
aug_scared_0066_add_noise.wav,generated2_5f651112-d2a3-4911-b3a5-f37bfc092494-1430734603484-1.7-m-72-sc.wav,scared,add_noise
aug_scared_0067_add_noise.wav,sc-11.wav,scared,add_noise
aug_scared_0068_time_stretch.wav,sc-17.wav,scared,time_stretch
aug_scared_0069_pitch_shift.wav,generated1_d6cda191-4962-4308-9a36-46d5648a95ed-1431700349754-1.7-m-04-sc.wav,scared,pitch_shift
aug_scared_0070_add_noise.wav,generated2_f4c4b757-8b39-4322-aea0-89f3e7003756-1430229472185-1.7-f-04-sc.wav,scared,add_noise
aug_scared_0071_add_noise.wav,sc-9.wav,scared,add_noise
aug_scared_0072_add_noise.wav,generated3_b6911857-98b7-4bd7-86b9-7dec90fbd897-1431351785422-1.7-m-72-sc.wav,scared,add_noise
aug_scared_0073_add_noise.wav,generated2_f4c4b757-8b39-4322-aea0-89f3e7003756-1430229472185-1.7-f-04-sc.wav,scared,add_noise
aug_scared_0074_pitch_shift.wav,generated1_b6911857-98b7-4bd7-86b9-7dec90fbd897-1431351785422-1.7-m-72-sc.wav,scared,pitch_shift
aug_scared_0075_pitch_shift.wav,generated3_f4c4b757-8b39-4322-aea0-89f3e7003756-1430229472185-1.7-f-04-sc.wav,scared,pitch_shift
aug_scared_0076_time_shift.wav,sc-13.wav,scared,time_shift
aug_scared_0077_pitch_shift.wav,sc-13 - Copy.wav,scared,pitch_shift
aug_scared_0078_time_stretch.wav,d6cda191-4962-4308-9a36-46d5648a95ed-1431700349754-1.7-m-04-sc.wav,scared,time_stretch
aug_scared_0079_pitch_shift.wav,generated3_f4c4b757-8b39-4322-aea0-89f3e7003756-1430229472185-1.7-f-04-sc.wav,scared,pitch_shift
aug_scared_0080_add_noise.wav,generated1_b6911857-98b7-4bd7-86b9-7dec90fbd897-1431351785422-1.7-m-72-sc.wav,scared,add_noise
aug_scared_0081_pitch_shift.wav,generated1_d6cda191-4962-4308-9a36-46d5648a95ed-1431700367302-1.7-m-04-sc.wav,scared,pitch_shift
aug_scared_0082_time_stretch.wav,generated3_f4c4b757-8b39-4322-aea0-89f3e7003756-1430229472185-1.7-f-04-sc.wav,scared,time_stretch
aug_scared_0083_time_stretch.wav,generated1_5f651112-d2a3-4911-b3a5-f37bfc092494-1430734603484-1.7-m-72-sc.wav,scared,time_stretch
aug_scared_0084_add_noise.wav,sc-5.wav,scared,add_noise
aug_scared_0085_time_shift.wav,generated2_b6911857-98b7-4bd7-86b9-7dec90fbd897-1431351785422-1.7-m-72-sc.wav,scared,time_shift
aug_scared_0086_pitch_shift.wav,generated1_d6cda191-4962-4308-9a36-46d5648a95ed-1431700349754-1.7-m-04-sc.wav,scared,pitch_shift
aug_scared_0087_time_stretch.wav,generated2_d6cda191-4962-4308-9a36-46d5648a95ed-1431700367302-1.7-m-04-sc.wav,scared,time_stretch
aug_scared_0088_add_noise.wav,generated3_5f651112-d2a3-4911-b3a5-f37bfc092494-1430734603484-1.7-m-72-sc.wav,scared,add_noise
aug_scared_0089_time_stretch.wav,generated1_b6911857-98b7-4bd7-86b9-7dec90fbd897-1431351785422-1.7-m-72-sc.wav,scared,time_stretch
aug_scared_0090_time_stretch.wav,sc-11 - Copy.wav,scared,time_stretch
aug_scared_0091_time_shift.wav,generated1_d6cda191-4962-4308-9a36-46d5648a95ed-1431700367302-1.7-m-04-sc.wav,scared,time_shift
aug_scared_0092_pitch_shift.wav,generated1_5f651112-d2a3-4911-b3a5-f37bfc092494-1430734603484-1.7-m-72-sc.wav,scared,pitch_shift
aug_scared_0093_add_noise.wav,sc-11 - Copy.wav,scared,add_noise
aug_scared_0094_time_shift.wav,generated1_d6cda191-4962-4308-9a36-46d5648a95ed-1431700349754-1.7-m-04-sc.wav,scared,time_shift
aug_scared_0095_pitch_shift.wav,sc-12.wav,scared,pitch_shift
aug_scared_0096_add_noise.wav,generated1_d6cda191-4962-4308-9a36-46d5648a95ed-1431700349754-1.7-m-04-sc.wav,scared,add_noise
